<?xml version="1.0" encoding="ISO-8859-1"?>

<Server>
    <!-- Debug low-level events in XmlMapper startup -->
    <xmlmapper:debug level="0" />

    <!-- This is quite flexible; we can either have a log file per
         module in Tomcat (example: ContextManager) or we can have
         one for Servlets and one for Jasper, or we can just have
	 one tomcat.log for both Servlet and Jasper.

	 If you omit "path" there, then stderr should be used.

	 verbosityLevel values can be: 
	    FATAL
	    ERROR
	    WARNING 
            INFORMATION
            DEBUG
         -->

    <Logger name="tc_log" 
            path="logs/tomcat.log"
            customOutput="yes" />

    <Logger name="servlet_log" 
            path="logs/servlet.log"
            customOutput="yes" />

    <Logger name="JASPER_LOG" 
	    path="logs/jasper.log"
            verbosityLevel = "INFORMATION" />

    <!-- Add "home" attribute if you want tomcat to be based on a different directory
         "home" is used to create work and to read webapps, but not for libs or CLASSPATH.
         Note that TOMCAT_HOME is where tomcat is installed, while ContextManager home is the
         base directory for contexts, webapps/ and work/
      -->
    <ContextManager debug="0" workDir="work" home="./">
        <!-- ContextInterceptor className="org.apache.tomcat.context.LogEvents" / -->
        <ContextInterceptor className="org.apache.tomcat.context.AutoSetup" />
        <ContextInterceptor className="org.apache.tomcat.context.DefaultCMSetter" />
        <ContextInterceptor className="org.apache.tomcat.context.WorkDirInterceptor" />
        <ContextInterceptor className="org.apache.tomcat.context.WebXmlReader" />
        <ContextInterceptor className="org.apache.tomcat.context.LoadOnStartupInterceptor" />
        <!-- Request processing -->
        <RequestInterceptor className="org.apache.tomcat.request.SimpleMapper" debug="0" />
        <RequestInterceptor className="org.apache.tomcat.request.SessionInterceptor" />
        <RequestInterceptor className="org.apache.tomcat.request.SecurityCheck" />
        <RequestInterceptor className="org.apache.tomcat.request.FixHeaders" />

        <Connector className="org.apache.tomcat.service.SimpleTcpConnector">
            <Parameter name="handler" value="org.apache.tomcat.service.http.HttpConnectionHandler"/>
            <Parameter name="port" value="2001"/>
        </Connector>

        <Context path="" docBase="./webapps" debug="0" reloadable="true" > 
        </Context>

    </ContextManager>
</Server>
